ObjectID;Product (EN);Studio;Vitrine;Position;Product (NL);Brand;Model/Type;Colour;Colour 2;Designer;Year;Era;Country;Technische Beschrijving;Location (studio-vitrine-product);Origin;Photo;Conditie;Opslag (asbest etc.);Value;Drawing Topics
DDP-0001;Card index;1;1;1;Kaartenbak;Rolodex;NSW-24C;Grey;;Unknown;1980;Late Modern;U.S.A.;A classic 1970s/80s rotary swivel card file designed for desktop contact organization, including A-Z alphabetical dividers. It is known for its durable, covered design that keeps cards secure and dust-free.;1-1-1;JanWillem Hoftijzer ;Picture;Goed;;€ 25;"Cylindrical Shapes;  Matt Surfaces; Transparent Materials"
DDP-0002;Typewriter;1;1;2;Typemachine  ;IBM;Selectric Composer;Grey;;Bruno Ninaber van Eyden;1975;Late Modern;Netherlands;In 1970, the IBM Selectric Composer represented the pinnacle of office typesetting technology, bridging the gap between standard typewriters and professional printing. Unlike the standard IBM Selectric models used for daily correspondence, the Composer was a specialized machine designed for 'cold type' publishing of books, newsletters, and manuals.;1-1-2;Unknown;;Goed;;;"Block Shapes; Singular Rounding; Matt Surfaces"
DDP-0003;Transport case;1;1;3;Transportkoffer;Unknown;;Black;;Unknown;;Pre-1950;Unknown;Transport cases are specialized containers designed to protect fragile or high-value equipment during shipping and handling. Unlike standard suitcases, they typically feature internal structures like custom foam or dividers to secure items and are often built to withstand extreme conditions, including water, dust, and heavy impacts.;1-1-3;Unknown;Picture;Redelijk;;;"Block Shapes; Multiple Rounding; Matt Surfaces"
DDP-0004;Typewriter with lid;1;1;4;Typemachine met deksel;Olympia;Progress;Black;;Johannes Kruger;1935;Pre-1950;Germany;"The Olympia Progress is a classic mechanical portable typewriter, produced by the German manufacturer Olympia-Werke between 1934 and 1948. The model is known for its robust ""German reliability"" and was often supplied with a distinctive wooden or metal case for transport.";1-1-4;Unknown;Picture;Redelijk;;€ 350;"Singular Rounding; Glossy Surfaces"
DDP-0005;Calculator;1;1;5;Rekenmachine;Odhner;H9S6;Grey;;Willgodt Theophil Odhner;1960;Mid-Century Modern;Sweden;A 1960s hand-cranked (non-electric) calculator, based on the original pinwheel mechanism invented by Willgodt Theophil Odhner (often referred to as Vilgot Udner in Swedish contexts).;1-1-5;Unknown;Picture;Goed;;€ 150;"Block Shapes; Multiple Rounding; Glossy Surfaces"
DDP-0006;Hole punch;1;1;6;Perforator;Multio;;Black;;Unknown;1980;Late Modern;England;"These type of vintage hole punches emody the  principles of industrial functionalism and ""Buy It For Life"" philosophy. The tool's beauty comes directly from its utility, and it's: practically indestructible.";1-1-6;Unknown;Picture;Goed;;;"Multiple Rounding; Glossy Surfaces"
DDP-0007;Hole punch;1;1;6;Perforator;E.J. Arnold (EA);;Grey;;Unknown;1955;Mid-Century Modern;Unknown;A robust, metal hole punch with a classic grey finish, typical of office supplies from the mid-20th century (1940s to 1960s).;1-1-6;Unknown;Picture;Redelijk;;;"Multiple Rounding; Glossy Surfaces"
DDP-0008;FM stereo receiver and amplifier;1;1;7;FM-Stereo-ontvanger en versterker;Bang & Olufsen;Beomaster 1900;Wood;;Jacob Jensen;1976;Late Modern;Denmark;Won the ID Award in 1976 due to the groundbreaking design at the time. Displayed in the MoMa in New York.;1-1-7;Unknown;Picture;Goed;;€ 200;"Block Shapes; Matt Surfaces"
DDP-0009;Typewriter;1;1;8;Typemachine;Olivetti;Lettera 22;Blue;;Marcello Nizzoli;1955;Mid-Century Modern;Italy;Iconic design from the 50s;1-1-8;Unknown;Picture;Goed;;;"Multiple Rounding; Glossy Surfaces"
DDP-0010;Typewriter with case;1;1;9;Typemachine met koffer;Remington;Sperry Idol;Red;;Unknown;1980;Late Modern;Netherlands;"This vintage Sperry Remington Idol was known as a compact ""student"" portable typewriter. On this type of machine, the number key '1' is often missing, being replaced by the small 'l'.";1-1-9;Unknown;Picture;Goed;;€ 150;"Block Shapes; Singular Rounding; Glossy Surfaces"
DDP-0011;Typewriter with case;1;1;10;Typemachine met koffer;Adler;Triumph Gabriele 2000;Orange;;Unknown;1972;Late Modern;West Germany;The Triumph-Adler Gabriele 2000 is a classic portable electric typewriter known for its bold 1970s orange color and West German engineering. Produced following Litton Industries' acquisition of both the Triumph and Adler brands, this model was sold interchangeably under both names. ;1-1-10;Unknown;Picture;Goed;;€ 450;"Block Shapes; Matt Surfaces"
DDP-0012;Typewriter with case;1;2;1;Typemachine met koffer;Olympia;SM9;White;;Unknown;1964;Mid-Century Modern;Germany;;1-2-1;;;;;;"Block Shapes; Matt Surfaces"
DDP-0013;Typewriter with lid;1;2;2;Typemachine met deksel;Remington;Streamliner (Sperry Rand);Blue;;Carl Sundberg;1965;Mid-Century Modern;Netherlands;;1-2-2;;;;;;"Single Roundings; Glossy Surfaces"
DDP-0014;Typewriter with case;1;2;3;Typemachine met koffer;Olivetti;Lettera DL;Black;;Sottsass;1966;Mid-Century Modern;Italy;;1-2-3;;;;;;"Single Roundings; Matt Surfaces"
DDP-0015;Typewriter;1;2;3;Typemachine;Brother;AX 110;White;;Unknown;1987;Late Modern;Germany;;1-2-3;;;;;;"Block Shapes; Cylindrical Shapes; Matt Surfaces; Transparent Materials"
DDP-0016;Typewriter;1;2;5;Typemachine;Canon;Typestar 220;Black;;Unknown;1994;Postmodern;Japan;;1-2-5;;;;;;"Block Shapes; Cylindrical Shapes; Matt Surfaces"
DDP-0017;Typewriter;1;2;6;Typemachine;Underwood;Similar to Champion or Finger Flite;;;Unknown;1940;Pre-1950;U.S.A.;;1-2-6;;;;;;"Single Roundings; Multiple Roundings; Matt Surfaces"
DDP-0018;Typewriter with case, manual and cartriges;1;2;8;Typemachine met koffer, handleiding en cartriges;Smith Corona;C420;Brown;;Unknown;1980;Late Modern;U.S.A.;;1-2-8;;;;;;"Block Shapes; Matt Surfaces"
DDP-0019;Calculator with paper;1;3;1;Rekenmachine met papier;Olivetti;logos 48;Grey;;Mario Bellini;1975;Late Modern;Italy;;1-3-1;;;;;;"Block Shapes; Matt Surfaces; Transparent Materials"
DDP-0020;Calculator;1;3;1;Rekenmachine;Albona;;Black;;Unknown;1945;Pre-1950;Italy;;1-3-1;;;;;€ 100;"Block Shapes; Cylindrical Shapes; Singular Rounding; Glossy Surfaces"
DDP-0021;Keyboard;1;3;2;Toetsenbord;Olivetti;M24 Personal computer;Grey;;Unknown;1986;Late Modern;Italy;;1-3-2;;;;;;"Block Shapes; Matt Surfaces"
DDP-0022;Typewriter;1;3;3;Typemachine;Olivetti;Prestige P22-D;Grey;;Unknown;1990;Postmodern;Italy;;1-3-3;;;;;;"Single Roundings; Multiple Roundings; Glossy Surfaces"
DDP-0023;Electromechanical Counting Machine;1;3;4;Elektromechanische telmachine;Addo;X;Grey;;Unknown;1960;Mid-Century Modern;England;;1-3-4;;;;;;"Block Shapes; Multiple Rounding; Glossy Surfaces"
DDP-0024;Pencil sharpener;1;3;5;Puntenslijper;Boston;KS Standard;Black;;Unknown;1970;Late Modern;U.S.A.;;1-3-5;;;;;;"Cylindrical Shapes;  Multiple Roundings; Chrome; Glossy Materials"
DDP-0025;Pencil sharpener;1;3;5;Puntenslijper;Boston;KS Standard;Black;;Unknown;1970;Late Modern;U.S.A.;;1-3-5;;;;;;"Cylindrical Shapes;  Multiple Roundings; Chrome; Glossy Materials"
DDP-0026;Electronic Typewriter;1;3;6;Elektronische Typemachine;Brother ;AX 15;Crème;;Unknown;1987;Late Modern;Japan;;1-3-6;;;;;;"Block Shapes; Cylindrical Shapes; Multiple Rounding; Matt Surfaces"
DDP-0027;Typewriter;1;3;7;Typemachine;Olympia;Splendid 33;Black;;Unknown;1960;Mid-Century Modern;Germany;;1-3-7;;;;;;"Multiple Rounding; Glossy Surfaces"
DDP-0028;Typewriter;1;3;8;Typemachine;Remington Rand;;Black;;Unknown;1940;Pre-1950;Netherlands;;1-3-8;;;;;;"Multiple Rounding; Glossy Surfaces"
DDP-0029;Mechanical calculator;1;4;1;Mechanische rekenmachine;Corona;Adding;Black;;Unknown;1930;Pre-1950;Germany;Portable ;1-4-1;;;;;;"Block Shapes; Multiple Rounding; Glossy Surfaces"
DDP-0030;Mechanical calculator;1;4;2;Mechanische rekenmachine;Aldo Bona;;Black;;Unknown;1935;Pre-1950;Italy;;1-4-2;;;;;;"Block Shapes; Cylindrical Shapes; Multiple Rounding; Matt Surfaces"
DDP-0031;Calculator;1;4;3;Rekenmachine;Remington;1213;Crème;;Unknown;1970;Late Modern;Germany;;1-4-3;;;;;;"Block Shapes; Singular Rounding; Matt Surfaces; Glossy Surfaces"
DDP-0032;Calculator with printer;1;4;4;Rekenmachine met printer;Canon;P4-D;Crème;;Unknown;1980;Late Modern;Japan;;1-4-4;;;;;;"Block Shapes; Singular Rounding; Matt Surfaces; Glossy Surfaces"
DDP-0033;Calculator;1;4;4;Rekenmachine;Texas Instruments;TI-5200;Brown;;Unknown;1977;Late Modern;U.S.A.;;1-4-4;;;;;;"Block Shapes; Matt Surfaces; Glossy Surfaces"
DDP-0034;FM stereo receiver and amplifier;1;4;4;FM-Stereo-ontvanger en versterker;Bang & Olufsen;Beomaster 901;Wood;;Jacob Jensen;1975;Late Modern;Denmark;;1-4-4;;;;;;"Block Shapes; Matt Surfaces; Chrome"
DDP-0035;Calculator;1;4;5;Rekenmachine;ABS;Murphy;Silver;;Unknown;2010;Digital Era;Unknown;Dual power. Functions both on barrery and solar power;1-4-5;;;;;;"Block Shapes; Matt Surfaces"
DDP-0036;Number Locator;1;4;5;Nummerzoeker;Albert Heijn;;Blue;;Unknown;1995;Postmodern;Netherlands;;1-4-5;;;;;;
DDP-0037;Pocket calculator;1;4;5;Zakrekenmachine ;PTT Telecom;Numculator;Green;;Unknown;1995;Postmodern;Netherlands;Numculator;1-4-5;;;;;;"Block Shapes; Multiple Rounding; Matt Surfaces"
DDP-0038;Pocket calculator;1;4;5;Zakrekenmachine ;Unknown;;Grey;;Unknown;1980;Late Modern;China;;1-4-5;;;;;;
DDP-0039;Calculator;1;4;5;Rekenmachine;Texet;B82;Multi;;Unknown;1990;Postmodern;U.S.A.;;1-4-5;;;;;;"Block Shapes; Singular Rounding; Matt Surfaces"
DDP-0040;Calculator;1;4;5;Rekenmachine;Texas Instruments;SR-50A;Black;;Michael J. Cochran;1975;Late Modern;U.S.A.;;1-4-5;;;;;;"Block Shapes; Matt Surfaces"
DDP-0041;Calculator;1;4;5;Rekenmachine;Casio;Fx-82 SUPER FRACTION;Black;;Unknown;1994;Postmodern;Japan;;1-4-5;;;;;;"Block Shapes; Singular Rounding; Matt Surfaces"
DDP-0042;Calculator;1;4;6;Rekenmachine;Texas Instruments;ti-1250;Grey;;Unknown;1975;Late Modern;U.S.A.;;1-4-6;;;;;;"Block Shapes; Matt Surfaces"
DDP-0043;Calculator with case;1;4;6;Rekenmachine met hoesje;Sinclair;Cambridge Programmable;White;;Unknown;1977;Late Modern;England;Rare programmable scientific calculator from to '70s, Seen as collectors item due to historical meanig in early electronics.;1-4-6;;;;;;"Block Shapes; Singular Rounding; Matt Surfaces; Glossy Surfaces"
DDP-0044;Calculator;1;4;6;Rekenmachine;Texas Instruments;TI-30 galaxy;Grey;;Unknown;1984;Late Modern;U.S.A.;"Has a ""constant memory"" and LCD-display.";1-4-6;;;;;;"Block Shapes; Matt Surfaces"
DDP-0045;Telechipper;1;4;3;Telechipper;PTT Telecom;TeleChipper;Yellow;;Unknown;1996;Postmodern;Netherlands;"Early 'electronic wallet'. The device was used to recharge your debit card; check your balance and/or save phone numbers.";1-4-3;;;;;;
DDP-0046;Calculator with printer;1;4;6;Rekenmachine met printer;Casio;HR-100HT;Black;;Unknown;1986;Late Modern;Japan;;1-4-6;;;;;;"Block Shapes; Matt Surfaces"
DDP-0047;Language guide and translator with case;1;4;6;Taalgids en vertaler met hoesje;Craig;M100;Black;;Ron Gordon;1979;Late Modern;U.S.A.;;1-4-6;;;;;;"Block Shapes; Singular Rounding; Matt Surfaces"
DDP-0048;Calculator with printer;1;4;6;Rekenmachine met printer;Casio;HR-9;Crème;;Unknown;1980;Late Modern;Japan;;1-4-6;;;;;;"Block Shapes; Singular Rounding; Matt Surfaces"
DDP-0049;Pocket calculator;1;4;6;Zakrekenmachine ;Aurora;HC127;Black;;Unknown;1999;Postmodern;China;Branded with dupont logo (French brand) probably as gift item.;1-4-6;;;;;;"Block Shapes; Multiple Rounding; Matt Surfaces"
DDP-0050;Desktop calculator;1;4;6;Bureaurekenmachine;Unknown;;Black;;Unknown;1992;Postmodern;Unknown;;1-4-6;;;;;;"Block Shapes; Singular Rounding; Matt Surfaces"
DDP-0051;Typewriter with separate type elements;1;4;7;Typemachine met losse type-elementen;IBM;Selectric II;Red;;Unknown;1978;Late Modern;China;"Electric typewriter know for the usage of an interchangeable spherical type element (""the golf ball"")";1-4-7;;;;;;"Singular Rounding; Multiple Rounding; Matt Surfaces; Chrome"
DDP-0052;Typewriter Carrying Bag;1;4;8;Draagtas van typemachine;Olivetti;Lettera 32;Blue;;Marcello Nizzoli;1963;Mid-Century Modern;Italy;Nizolli's design for this carry-on typewriter + case was valued globally due to it's compact and stylish nature.;1-4-8;;;;;;
DDP-0053;Cheque writer (protectograph);1;5;1;Cheque schrijver (protectograph);Todd;Model 1700;Grey;;Unknown;1910;Pre-1950;U.S.A.;This object is a Todd Century Protectograph, a historic device used to protect checks against counterfeiting. The Protectograph was manufactured by the Todd Company of Rochester, New York.;1-5-1;;;;;;"Block Shapes; Singular Rounding; Multiple Rounding; Matt Surfaces"
DDP-0054;Hole punch;1;5;2;Perforator;Underwood;;Grey;;Unknown;1960;Mid-Century Modern;Netherlands;This item is a vintage, heavy industrial hole punch, also called a paper punch. The name plate shows that the object was in posession of the 'Technische Hogeschool Delft: De Orelio - Laboratorium voor werkplaatstechniek';1-5-2;;;;;;
DDP-0055;Pencil sharpener packaging;1;5;2;Puntenslijper verpakking;Boston;KS Standard;White;;Unknown;1970;Late Modern;U.S.A.;;1-5-2;;;;;;"Cylindrical Shapes; Glossy Surfaces; Chrome"
DDP-0056;Staple gun;1;5;2;Nietpistool;Skandia;;Silver;;Unknown;1976;Late Modern;West Germany;"This tool is a vintage Skandia hand tacker, also known as a staple gun. The markings on the tool indicate that it was manufactured in West Germany (""Made in W.-Germany"") and bear the article number 34 90 060.";1-5-2;;;;;;"Multiple Rounding; Chrome"
DDP-0057;Hole punch;1;5;2;Perforator;E.J. Arnold (EA);;Grey;;Unknown;1950;Mid-Century Modern;;This item is a vintage two-hole punch, a classic desk item likely dating from the 1940s, 1950s, or 1960s. They are typically made of heavy metal and have a durable construction.;1-5-2;;;;;;
DDP-0058;Electromechanical Counting Machine;1;5;3;Elektromechanische telmachine;Olympia;1182;White;;Unknown;1955;Mid-Century Modern;Germany;"This device is known for its industrial design with its characteristic red and green keys. It's a so-called ""printing calculator"" or adding machine, which prints calculations directly onto a roll of paper.";1-5-3;;;;;;"Multiple Rounding; Glossy Surfaces"
DDP-0059;Bag sealer;1;5;4;Zakkensluiter;Rapid;Phoenix;Green;;Unknown;1990;Postmodern;Sweden;This machine is a Phoenix bag closer, a widely used tool in various sectors for quickly and efficiently closing plastic bags.;1-5-4;;;;;;"Block Shapes; Singular Rounding; Matt Surfaces"
DDP-0060;USB hub;1;5;4;USB-hub;Apacer;PH150;Multi;;Unknown;2006;Digital Era;Taiwan;The Apacer PH150 is an innovative 4-port USB 2.0 hub: an iconic design known for its playful design with colorful rotating blocks.;1-5-4;;;;;;"Block Shapes; Multiple Rounding; Glossy Surfaces"
DDP-0061;Stapler;1;5;4;Nietmachine;Boss;;Grey;;Unknown;1958;Mid-Century Modern;U.S.A.;Classic industrial mid-century desk stapler from the Boss brand, probably from the 1950s or 1960s. Made of sturdy metal.;1-5-4;;;;;;
DDP-0062;Stapler;1;5;4;Nietmachine;SAX;80;Grey;;Unknown;1965;Mid-Century Modern;Austria;This is a vintage SAX 80 stapler, a classic office tool suitable for 24/6 and 26/6 staples. This Austrian brand is known for its reliability.;1-5-4;;;;;;"Multiple Rounding; Matt Surfaces; Chrome"
DDP-0063;Label maker;1;5;4;Labelmaker;Motex;E101;Orange;;Unknown;1975;Late Modern;U.S.A.;This is a manual Motex E101 embossing label maker, which allows you to print text in relief on plastic tape.;1-5-4;;;;;;"Cylindrical Shapes; Glossy Surfaces"
DDP-0064;Perfume bottle;1;5;4;Parfumflesje;Cacharel;Lou Lou;Blue;;Annegret Beier;1987;Late Modern;France;This is a bottle of the famous Lou Lou perfume from the French fashion house Cacharel. The perfume was created by Jean Guichard, with the bottle designed by Annejet Beier. This design was considered highly innovative in the 1980s and has remained unchanged ever since.;1-5-4;;;;;;"Block Shapes; Glossy Surfaces"
DDP-0065;Adhesive tape dispenser;1;5;4;Plakbanddispenser;Tesa;Easy Cut Curve;Black;;Unknown;2018;Digital Era;Germany;This Tesa tape dispenser has a weighted base with a non-slip sole, allowing you to operate it with one hand without it slipping. It's made of high-quality polystyrene (plastic).;1-5-4;;;;;;"Cylindrical Shapes; Single Rounding; Matt Surfaces"
DDP-0066;Calculator with paper;1;5;5;Rekenmachine met papier;Canon;BP25-D;Crème;;Unknown;1991;Postmodern;China;This is an electric Canon BP25-D desktop calculator with a built-in roll printer. The calculator features functions such as item counting, constant calculations, currency conversion, and a fluorescent tube display.;1-5-5;;;;;;"Block Shapes; Singular Rounding; Matt Surfaces"
DDP-0067;Mechanical calculator;1;5;6;Mechanische rekenmachine;NFI;3A;Black;;Unknown;1951;Mid-Century Modern;Germany;This vintage NFI 3A adding machine is a collector's item, characterized by a mechanical design with physical number keys and a lever for manual operation. The NFI Nuremberg-Fürther Industriewerke went into production in 1950.;1-5-6;;;;;;"Block Shapes; Cylindrical Shapes; Matt Surfaces"
DDP-0068;Promotional lighter;1;5;7;Promotionele aansteker;Unknown;;White;;Unknown;1998;Postmodern;China;"This is a collector's item, specifically a promotional roadside lighter that says ""CITY AND COUNTRY."" The product typically operates using a piezoelectric mechanism that produces a flame of approximately 1000°C.";1-5-7;;;;;;"Cylindrical Shapes; Singular Rounding; Glossy Surfaces; Chrome"
DDP-0069;Lighter;1;5;7;Aansteker;Corona;;Black;;Unknown;1980;Late Modern;Japan;This lighter is from the renowned Japanese brand IM Corona. This specific, slim, rectangular model, crafted from heavy metal and featuring vertical air intake slots, was primarily produced between the 1970s and 1990s.;1-5-7;;;;;;"Cylindrical Shapes; Singular Rounding; Glossy Surfaces; Chrome"
DDP-0070;Steam cleaner / suction brush;1;5;7;Stoomreiniger / zuigborstel;Stamp ELECTRIC;;Yellow;;Unknown;1965;Mid-Century Modern;USSR;This item is a vintage electric vacuum brush, a compact handheld vacuum cleaner that was mainly popular in the 1960s and 1970s for cleaning clothes, furniture and tablecloths.;1-5-7;;;;;;"Cylindrical Shapes; Matt Surfaces"
DDP-0071;Mechanical calculator;1;5;8;Mechanische rekenmachine;Rheinmetall;;Black;;Unknown;1940;Pre-1950;Germany;This is a vintage Rheinmetall stepped drum calculator. It features a full keyboard for entering numbers.;1-5-8;;;;;;"Block Shapes; Cylindrical Shapes; Matt Surfaces"
DDP-0072;Vacuum cleaner;1;6;1;Stofzuiger;Holland Electro (HE);HE 3000;White;;Unknown;1975;Late Modern;Netherlands;This particular model is a classic sled vacuum cleaner from the 1970s or 1980s. The design is characterized by its vertical construction and the distinctive controls on the bottom.;1-6-1;;;;;;"Block Shapes; Cylindrical Shapes; Multiple Rounding; Glossy Surfaces"
DDP-0073;Handheld vacuum cleaner;1;6;2;Handstofzuiger;Siemens;Rapid;White;;Unknown;1955;Mid-Century Modern;Germany;This object is a Siemens Rapid, an iconic handheld vacuum cleaner that is symbolic of post-World War II German industrial design.;1-6-2;;;;;;"Cylindrical Shapes; Glossy Surfaces; Chrome"
DDP-0074;Handheld vacuum cleaner;1;6;3;Handstofzuiger;Hoover;Dustette;Blue;;William H. Kitto;1930;Pre-1950;U.S.A.;"The Hoover Dustette is the world's first portable hand-held vacuum cleaner and a milestone in industrial design. In its early years, it was a luxury item; it cost £4.19s.6d at the time, equivalent to over €250 today. The model remained in production with minimal external changes until the 1970s, a testament to the design's longevity.";1-6-3;;;;;;"Cylindrical Shapes; Matt Surfaces; Glossy Surfaces; Chrome"
DDP-0075;Steam iron;1;6;4;Stoomstrijkijzer;Philips ;Mistral 2100;Blue;;Unknown;2000;Digital Era;Netherlands;The Philips Mistral is a steam iron from the early 2000s, designed by the Philips Experience Design team in the Netherlands. The product features a functional design with a pointed tip for precision and an integrated anti-scale system for durability.;1-6-4;;;;;;"Multiple Roundings; Glossy Surfaces; Matte Materials; Transparent Materials"
DDP-0076;Handheld vacuum cleaner;1;6;5;Handstofzuiger;Hoover;Dustette;Brown;;William H. Kitto;1930;Pre-1950;U.S.A.;The Hoover Dustette is the world's first portable hand-held vacuum cleaner and a milestone in industrial design. The model remained in production with minimal external changes until the 1970s, a testament to the design's longevity.;1-6-5;;;;;;"Cylindrical Shapes; Matt Surfaces; Glossy Surfaces; Chrome"
DDP-0077;Handheld vacuum cleaner;1;6;5;Handstofzuiger;PRO-VAC;Car-Vac or similar;Crème;;Unknown;1980;Late Modern;Netherlands;This cordless handheld vacuum cleaner is specifically designed for use in cars, boats, and caravans. Its 1980s design follows the introduction of the first popular cordless handheld vacuums, such as the Black & Decker DustBuster.;1-6-5;;;;;;
DDP-0078;Wall holder for handheld vacuum cleaner;1;6;6;Wandhouder voor handstofzuiger;Unknown;;Crème;;Unknown;1980;Late Modern;Netherlands;This item is a vintage wall mount for a household appliance, made of injection-molded plastic. The mount functions as a functional docking station with a wide base and a round recess for the suction nozzle and charging plug.;1-6-6;;;;;;
DDP-0082;Sled vacuum cleaner;1;6;7;Sledestofzuiger;Excelsior;Type 8100;Grey;;Unknown;1955;Mid-Century Modern;Netherlands;This is a classic example of a canister vacuum cleaner from the mid-20th century. These vacuums were known for their cylindrical shape resting on a metal sled, allowing them to glide easily across the floor.;1-6-7;;;;;;"Block Shapes; Cylindrical Shapes; Multiple Rounding; Glossy Surfaces"
DDP-0079;Handheld vacuum cleaner packaging with charger;1;6;8;Handstofzuiger verpakking met oplader;Black & Decker;Spir 2000;Multi;;Unknown;1992;Postmodern;U.S.A.;This is an original box of the Black & Decker Spin 2000 (model HC85), a cordless dustbuster from the early 1990's;1-6-8;;;;;;
DDP-0080;Digital thermometer;1;6;8;Digitale thermometer;TravelSafe;;White;;Unknown;2010;Digital Era;Netherlands;This digital thermometer is a compact tool that is often used when traveling or for home use to quickly measure body temperature.;1-6-8;;;;;;"Block Shapes; Cylindrical Shapes; Glossy Surfaces; Matte Surfaces; Chrome"
DDP-0081;Vacuum cleaner;1;7;1;Stofzuiger;Siemens-Schuckert;Potos Model G;Yellow;;Unknown;1930;Pre-1950;Germany;This object is an antique vacuum cleaner, manufactured by Siemens-Schuckert. The Protos models were known for their distinctive drum-shaped design and the bright yellow color often seen on later industrial collectibles.;1-7-1;;;;;;"Cylindrical Shapes; Glossy Surfaces"
DDP-0083;Portable vacuum cleaner;1;7;2;Draagbare stofzuiger;Excelsior;;Grey;;Unknown;1955;Mid-Century Modern;Netherlands;This vintage Excelsior sled vacuum cleaner is an iconic piece of post-war Dutch industrial design. It's a sled model, designed to glide across the floor on metal gliders instead of wheels, which were the standard for luxury vacuum cleaners at the time.;1-7-2;;;;;;
DDP-0084;Coal Iron;1;7;3;Kolenstrijkijzer;Unknown;;Brown;;Unknown;1880;Pre-1950;Netherlands;This is an antique cast-iron charcoal or peat iron with a chimney, dating from the 19th century. In the Netherlands, these specific models with a short chimney are also known as Drentse irons, because they were often fueled with peat, which was common in that region.;1-7-3;;;;;;"Block Shapes; Cylindrical Shapes; Singualr Rounding; Matte Surfaces"
DDP-0085;Sled vacuum cleaner;1;7;4;Sledestofzuiger;Electrolux;Model 30 / Model XXX;Blue;;Unknown;1940;Pre-1950;Sweden;This design is an icon in the history of home appliances and is known for its revolutionary design. The Model 30 was one of the first vacuum cleaners to use a disposable paper dust bag, a huge hygienic advancement at the time. Thanks to its robust build quality, many examples are still in use today, more than 70 years later.;1-7-4;;;;;;"Cylindrical Shapes; Glossy Surfaces; Chrome"
DDP-0086;Different vacuum cleaner nozzles;1;7;5;Verschillende stofzuigermonden;Unknown;;Black;;Unknown;1990;Postmodern;;;1-7-5;;;;;;"Cylindrical Shapes; Matte Surfaces"
DDP-0087;Iron;1;7;6;Strijkijzer;Unknown;;Petina;;Unknown;1880;Pre-1950;Germany;This object is an antique box iron (also called a coal iron), a type that was widely produced in the 19th century. It's made of cast iron and contains a compartment for glowing coals which can be opened with the vertical pin at the back.;1-7-6;;;;;;"Multiple Rounding; Chrome"
DDP-0088;Iron;1;7;6;Strijkijzer;Ruton;STY 11;Silver;;R.S. Stokvis & Zonen;1956;Mid-Century Modern;Netherlands;"The Ruton STY 11 is a classic dry iron (without steam) for everyday use. This model is known for its durability. The heavy metal soleplate was a deliberate design choice; the weight of the iron was intended to do most of the work, so the user had to press less hard.";1-7-6;;;;;;
DDP-0089;Iron;1;7;6;Strijkijzer;Unknown;;Petina;;Unknown;1880;Pre-1950;Netherlands;This is an antique brass or copper coal iron with a wooden handle, primarily used in the 19th century. Instead of electricity, the iron was heated by placing live coals in the tray. Openings on the sides provided the necessary airflow to keep the coals burning.;1-7-6;;;;;;
DDP-0090;Iron;1;7;6;Strijkijzer;Unknown;;Petina;;Unknown;1880;Pre-1950;Netherlands;This type of coal iron is very heavy (often between 3 and 5 kilos) because it's made entirely of solid cast iron. It has a chimney at the back to vent the smoke from the glowing coals.;1-7-6;;;;;;
DDP-0091;Iron;1;7;6;Strijkijzer;Unknown;;Petina;;Unknown;1880;Pre-1950;Netherlands;These types of cast iron coal irons were widely used from the mid-19th century until the First World War. The jute wrapping is not a factory standard, but an authentic customization made by the user to hold the metal handle, which could become extremely hot.;1-7-6;;;;;;
DDP-0092;Sled vacuum cleaner;1;7;7;Sledestofzuiger;Ruton;R10;Brown;;Rudolf Blik;1955;Mid-Century Modern;Netherlands;The Ruton R10 is an iconic model from the history of Dutch household appliances. This model was the direct successor to the earlier S-series and remained one of the flagship models of the Rudolf Blik factory in The Hague until around 1957.;1-7-7;;;;;;
DDP-0093;Iron;1;7;8;Strijkijzer;Unknown;;Petina;;Unknown;1880;Pre-1950;Netherlands;This is an antique cast-iron charcoal iron that needs to be filled with glowing coals to generate heat. It has air holes on the sides, and the top can be flipped open to fill the charcoal compartment. Such irons were common until about 1950, before electric irons became the norm.;1-7-8;;;;;;
DDP-0094;Vacuum cleaner;1;8;1;Stofzuiger;Excelsior;650;Blue;;Unknown;1975;Late Modern;Netherlands;This vintage appliance is an Excelsior vacuum cleaner, a brand with a deep-rooted history in Dutch industry. The suitcase model, or portable vacuum cleaner, was popular because of its compactness and ease of storage, unlike the larger canister vacuums.;1-8-1;;;;;;
DDP-0095;Sled vacuum cleaner;1;8;2;Sledestofzuiger;Holland Electro (HE);E4;Turqoise;;Unknown;1955;Mid-Century Modern;Netherlands;"This vacuum cleaner is a classic ""sled"" model with a metal base that allowed it to glide across the floor. This type of vacuum cleaner was often manufactured in Rotterdam during the 1950s and 1960s. Such vacuum cleaners were innovative at the time because they could both suck and blow by connecting the hose to the opposite end.";1-8-2;;;;;;
DDP-0096;Information booklet;1;8;3;Informatieboekje;Siemens;Flormatic;White;;Unknown;1985;Late Modern;West Germany;"This is an informational/promotional document for the Siemens Flormatic, a multifunctional suction and brush nozzle (also called a ""Saug-Kehr-Bürste"") for vacuum cleaners.";1-8-3;;;;;;
DDP-0097;Vacuum cleaner;1;8;4;Stofzuiger;Philips ;HZ 4820;Grey;;Unknown;1974;Late Modern;Netherlands;"In the 1970s, these ""tank"" models were known for their durability and were often considered appliances that could last a lifetime. The design, with its gray housing, blue head, and red stripe with the logo, is highly characteristic of Philips' visual identity in those days.";1-8-4;;;;;;
DDP-0098;Iron;1;8;4;Strijkijzer;Unknown;;Silver;;Unknown;1920;Pre-1950;Netherlands;"This specific model dates from the transition from the classic iron to more modern appliances. Between 1910 and 1930, electric irons were often not yet plugged into an electrical outlet, but instead connected directly to a light bulb socket via a special plug (a ""crook"").";1-8-4;;;;;;
DDP-0099;Iron;1;8;4;Strijkijzer;Underwood;;Petina;;Unknown;1920;Pre-1950;Netherlands;;1-8-4;;;;;;
DDP-0100;Travel iron with packaging;1;8;4;Reisstrijkijzer met verpakking;Cherry;B-Type;Turqoise;;Unknown;1965;Mid-Century Modern;Japan;This is the exact same model travel iron with foldable handle, as sold by more well-known brands like Juliette and Valiant. In the 1960s and 1970s, factories in Japan and Taiwan mass-produced these irons, after which they were sold by various importers under their own names.;1-8-4;;;;;;
DDP-0101;Iron;1;8;4;Strijkijzer;Ruton;;Petina;;Unknown;1945;Pre-1950;Netherlands;This is a vintage Ruton electric iron with a metal frame and electrical connection, typical of mid-20th-century appliances. It has a classic triangular metal soleplate with a dark-colored, ergonomically shaped Bakelite handle.;1-8-4;;;;;;
DDP-0102;Iron;1;8;4;Strijkijzer;Morphy-Richards;CA75;Silver;;Donal Morphy & Charles Richards;1954;Mid-Century Modern;England;"This iron is considered a classic example of post-war British modernism. It is included in the collection of the Museum of Design in Plastics (MoDiP) for its innovative use of compression-molded Bakelite for the handle. It was one of the first affordable irons with a reliable thermostatic control (the ""Auto-Control""), a major advance for households at the time. The CA75 is known for its robustness; many examples are still in working order after 70 years.";1-8-4;;;;;;
DDP-0103;Iron;1;8;4;Strijkijzer;Morphy-Richards;CA75;Silver;;Donal Morphy & Charles Richards;1954;Mid-Century Modern;England;"This iron is considered a classic example of post-war British modernism. It is included in the collection of the Museum of Design in Plastics (MoDiP) for its innovative use of compression-molded Bakelite for the handle. It was one of the first affordable irons with a reliable thermostatic control (the ""Auto-Control""), a major advance for households at the time. The CA75 is known for its robustness; many examples are still in working order after 70 years.";1-8-4;;;;;;
DDP-0104;Travel iron;1;8;5;Reisstrijkijzer;Unknown;;Green;;Unknown;1940;Pre-1950;England;"This item is a vintage electric travel iron, also known as a ""Piccolo"" or produced by brands like Arc or Chesterton. These models were primarily produced between 1930 and 1950. They were popular at a time when electric ironing was becoming modern, but appliances still had to be compact for travelers.";1-8-5;;;;;;
DDP-0105;Travel iron;1;8;5;Reisstrijkijzer;Unknown;;Silver;;Unknown;1925;Pre-1950;Germany;This is an early electric travel iron from the 1920s–1935 period. It's a compact traveler's design with a rattan-wrapped handle for heat insulation. The iron has a 150-watt output and is dual-voltage (110/220V), which was essential for international travel at the time.;1-8-5;;;;;;
DDP-0106;Vacuum cleaner;1;8;6;Stofzuiger;Holland Electro (HE);HE 3000;Yellow;;Unknown;1977;Late Modern;Netherlands;This item is a vintage Holland Electro 3000 vacuum cleaner. These vacuum cleaners were known for their robust construction and sold for around 439 guilders at the time. This particular example is a collector's item due to its nostalgic value and iconic retro design.;1-8-6;;;;;;
DDP-0107;Handheld vacuum cleaner;1;8;6;Handstofzuiger;Rio;Sauger;Orange;;Unknown;1972;Late Modern;West Germany;The item in the photo is a vintage handheld vacuum (also called a dustbuster or table vacuum) from the 1970s. This particular model was popular as an accessory for cars or for small household use on tables and desks. The futuristic, rounded design and bright orange color were typical of the optimistic design style of the 1970s.;1-8-6;;;;;;
DDP-0108;Toy iron;1;8;7;Speelgoedstrijkijzer;Unknown;;Red;;Unknown;1960;Mid-Century Modern;Germany;This item is a vintage toy iron, also called a miniature iron, that probably dates from the 1950s or 1960s. Such irons were also produced as decorative collectibles.;1-8-7;;;;;;
DDP-0109;Steam iron;1;8;7;Stoomstrijkijzer;Moulinex;VarioJet Plus 3200;White;;Unknown;1995;Postmodern;France;The Moulinex Variojet Plus 3200 is an iconic steam iron that symbolizes European home appliances of the 1990s. Its design is typical of the brand's functional, ergonomic style from that era, with its signature orange accent buttons.;1-8-7;;;;;;
DDP-0110;Vacuum cleaner;1;9;1;Stofzuiger;F.A.M. Skyline;Electronic FC 4200;Crème;Brown;Unknown;1985;Late Modern;Netherlands;The Skyline series was known for its sleek, functional design. Its design reflects the transitional period in which household appliances became more compact and were equipped with more modern electronic functions, such as the suction power slider seen on this model.;1-9-1;Unknown;Picture;Goed;;;
DDP-0111;Handheld vacuum cleaner;1;9;2;Handstofzuiger;Siemens;Rapid VAt93;Red;Grey;Unknown;1960;Mid-Century Modern;Germany;The Siemens Rapid is an iconic series of handheld vacuum cleaners with a history dating back to the first lightweight models from 1935. In the 1970s, the Rapid line was very popular and appeared in various striking colors that reflected the spirit of the times.;1-9-2;Unknown;Picture;Redelijk;;;
DDP-0112;Vacuum cleaner;1;9;2;Stofzuiger;Siemens-Schuckert;Protos;Green;;Unknown;1930;Pre-1950;Germany;This antique vacuum cleaner is a Siemens-Schuckert Protos boiler vacuum from the early 20th century. The object is made of green enameled iron with a wooden handle.;1-9-2;Unknown;Picture;Redelijk;;;
DDP-0113;Iron;1;9;3;Strijkijzer;Philips ;HA2751;Black;Silver;Unknown;1967;Mid-Century Modern;Netherlands;This specific vintage model is a prime example of Dutch industrial design from its period. Although Philips is now a global concern with production and design centers in various countries, the designs for such classic household appliances came directly from the Dutch design departments at the time.;1-9-3;Unknown;Picture;Goed;;;
DDP-0114;Vacuum cleaner;1;9;4;Stofzuiger;Siemens;Super 32;Orange;Silver;Unknown;1973;Late Modern;Germany;This specific model stands out due to its Space Age aesthetic, which was very popular at the time. The vertical design was an innovation to save space in smaller households.;1-9-4;Unknown;Picture;Redelijk;;;
DDP-0115;Iron;1;9;5;Strijkijzer;Continental;;Black;White;Unknown;1955;Mid-Century Modern;Netherlands;This is a vintage Continental electric iron, a collector's item with a distinctive retro design. The appliance features a metal soleplate and a black and white Bakelite housing.;1-9-5;Unknown;Picture;Goed;;;
DDP-0116;Iron;1;9;5;Strijkijzer;Inventum;253 Serie;Silver;Black;Unknown;1940;Pre-1950;Netherlands;The device has a heavy, chrome-plated or nickel-plated soleplate that retains heat well. The small black knob on the top (often with a scale from 1 to 5 or with plus/minus signs) is used for temperature control.;1-9-5;Unknown;Picture;Goed;;;
DDP-0117;Travel iron;1;9;6;Reisstrijkijzer;Novol;Holiday;Silver;Black;Unknown;1965;Mid-Century Modern;France;This object  is a vintage travel iron, a compact and foldable model that was popular in the 1960s and 70s. It is recognizable by the chrome-plated casing and the black Bakelite handle that folds flat for storage.;1-9-6;Unknown;Picture;Goed;;;
DDP-0118;Iron;1;9;6;Strijkijzer;Termozeta;Baby 124;Black;White;Unknown;1975;Late Modern;Italy;"This specific model was intended as a ""mignon"" (miniature) travel iron and is today a beloved object among collectors of Italian vintage design.";1-9-6;Unknown;Picture;Goed;;;
DDP-0119;Iron;1;9;6;Strijkijzer;Philips ;HD 1126;Black;Green;Unknown;1970;Late Modern;Netherlands;This model is a vintage iron that was produced by Philips, with advertisements dating back to the 1970s. It was promoted at the time as a lightweight aluminium iron.;1-9-6;Unknown;Picture;Goed;;;
DDP-0120;Iron;1;9;6;Strijkijzer;Philips ;HA 2751;Brown;Silver;Unknown;1957;Mid-Century Modern;Netherlands;This iconic dry iron is known for its typical 1950s and 60s design with a dark brown (bakelite) housing and a chrome-plated soleplate. In 2006, this model was even nominated for the longlist of the best Dutch design of the past hundred years.;1-9-6;Unknown;Picture;Goed;;;
DDP-0121;Iron with packaging;1;9;7;Strijkijzer met verpakking;General Electric;3 FD 161;Silver;Black;Unknown;1950;Mid-Century Modern;U.S.A.;The General Electric 3 FD 161 is a vintage electric iron from the 1950s. This specific model is known for its robust mid-century design and was a popular household appliance at the time.;1-9-7;Unknown;Picture;Goed;;;
DDP-0122;Vacuum cleaner with operating instructions and hose;1;9;7;Stofzuiger met gebruiksaanwijzing en slang;Miele;Deluxe S220;Yellow;Black;Unknown;1985;Late Modern;Germany;This vacuum cleaner in a striking yellow color is now considered a collector's item due to its unique retro design from the 70s/80s.The Deluxe S 220 is an iconic piece of industrial design that is representative of the reliability for which the brand is known.;1-9-7;Unknown;Picture;Redelijk;;;
DDP-0123;Vacuum cleaner mouth;1;9;8;Stofzuigermond;Siemens;Polymatic;Red;White;Unknown;1975;Late Modern;Germany;The design of the Siemens Polymatic (as shown in the photo) is a classic example of functional industrial design from the 1970s and 1980s. During this period, the emphasis at Siemens (part of the BSH Group) was on sustainability, modularity, and ease of use.;1-9-8;Unknown;Picture;Redelijk;;;
DDP-0124;Vacuum cleaner;1;10;1;Stofzuiger;Miele;Turbo Team;Crème;Black;Unknown;2015;Digital Era;Germany;The Miele Turbo Team is known for durability and strong suction power. It's equipped with a dust bag system, which is more hygienic when emptying than bagless models and typically features multiple suction settings and special attachments, such as a turbo brush for pet hair.;1-10-1;Unknown;Picture;Goed;;;
DDP-0125;Vacuum cleaner;1;10;2;Stofzuiger;Holland Electro (HE);Sniffy;Green;Crème;Unknown;1950;Mid-Century Modern;Netherlands;"The Sniffy was a small ""stick vacuum"" that was very popular in the Netherlands in the 1950s and 1960s. It was a handy model, ideal for stairs, furniture, and small apartments.";1-10-2;Unknown;Picture;Redelijk;;;
DDP-0126;Vacuum cleaner;1;10;3;Stofzuiger;Electrolux;Z245;Brown;Silver;Unknown;1979;Late Modern;Sweden;Unique to this model is that it can not only vacuum but also blow. This was often used for inflating air mattresses or quickly defrosting freezers. The vacuum cleaner has a power of approximately 750 Watts, which was considered very powerful at the time. Originally, this model came with a braided hose, an aluminum tube, and various brown nozzles, including an automatic combination nozzle for carpets and hard floors.;1-10-3;Unknown;Picture;Goed;;;
DDP-0127;Handheld vacuum cleaner with holder;1;10;4;Handstofzuiger met houder;Electrolux;Cleany ZB 216;Crème;Grey;Unknown;1980;Late Modern;Sweden;"the Electrolux Cleany is a cordless, rechargeable handheld vacuum cleaner that came with a matching wall mount. In the Netherlands and Belgium, this type of compact, cordless vacuum cleaner is commonly known as a ""kruimeldief"" (""crumb catcher""). The concept was originally popularized by the Black & Decker ""Dustbuster,"" which came onto the market in 1979.";1-10-4;Unknown;Picture;Redelijk;;;
DDP-0128;Handheld vacuum cleaner;1;10;4;Handstofzuiger;AFK;AK-2.2;Crème;Green;Unknown;2000;Digital Era;Germany;The design of the AFK AK-2.2 is characteristic of the functional and affordable consumer electronics from the transitional period between the 1990s and 2000s. A key design featureis its streamlined, teardrop-shaped design. The wide suction nozzle flows smoothly into a narrow handle.;1-10-4;Unknown;Picture;Goed;;;
DDP-0129;Iron;1;10;5;Strijkijzer;Philips ;HD 1124;Orange;Silver;Knut Yran;1973;Late Modern;Netherlands;This iconic Philips iron, the HD1124, is a prime example of Dutch industrial design from the post-war reconstruction period and the subsequent decades. The design originates from the Philips Corporate Industrial Design Centre (CIDC) in Eindhoven. During that period, this department was led by the renowned Norwegian designer Knut Yran.;1-10-5;Unknown;Picture;Redelijk;;;
DDP-0130;Iron;1;10;6;Strijkijzer;Rowenta;E5762S;Brown;White;Unknown;1965;Mid-Century Modern;Germany;This specific model dates from the 1960s or early 1970s. The design with a Bakelite handle and chrome housing is typical of that period. Rowenta's design department at the time was influenced by streamline aesthetics and the functional German design school.;1-10-6;Unknown;Picture;Redelijk;;;
DDP-0131;Iron;1;10;6;Strijkijzer;Philips ;HD 1115 Y;White;Silver;Knut Yran;1975;Late Modern;Netherlands;"This design reflects the transition from heavy, metal irons to lighter models with plastic (bakelite) handles and a focus on ergonomics and ease of use. The ""y"" in the model number often referred to a specific regional version or a minor revision in the production process (such as indicator light colour or the wiring), while the basic functionality remained the same as the standard HD 1115. ";1-10-6;Unknown;Picture;Slecht;;;
DDP-0132;Iron;1;10;6;Strijkijzer;Philips ;HA 2752;Black;Silver;Unknown;1975;Late Modern;Netherlands;"The HD 2752 series was primarily in production during the late 1970s and the 1980s. It is a classic example of the ""heavy"" dry irons that were the standard in European households at the time. Philips household appliances from this era were often developed by the in-house design team in Eindhoven.";1-10-6;Unknown;Picture;Redelijk;;;
DDP-0133;Iron;1;10;6;Strijkijzer;Philips ;HD 1206;Black;White;Unknown;1967;Mid-Century Modern;Netherlands;"The model is part of the ""Millionaire"" or ""Popular"" series, known for its heavy-duty build, featuring a polished chrome or stainless steel soleplate and a high-impact black plastic handle. During this era, Philips' domestic appliances were heavily influenced by their internal Corporate Industrial Design (CID) group, which prioritized Sense and Simplicity.";1-10-6;Unknown;Picture;Redelijk;;;
DDP-0134;Vacuum cleaner;1;10;7;Stofzuiger;Excelsior;8170;Yellow;White;Unknown;1976;Late Modern;Netherlands;The Excelsior 8170 (also known as Signaal) is an iconic vintage vacuum cleaner that was produced around 1976. This specific model is known for its striking vertical design and the typical mustard yellow color that was very popular for household appliances at the time. The device was often supplied with various attachments, including a flexible hose that connects at the top.;1-10-7;Unknown;Picture;Redelijk;;;
DDP-0135;Vacuum cleaner;1;10;8;Stofzuiger;Miele;Deluxe S200;Turqoise;Crème;Unknown;1974;Late Modern;Germany;" This an ""all-in-one"" device was a unique concept that could stand upright while the hose remained connected. For its time, the suction power (often around 700-1000 Watts) was very high. This blue and white color combination pictured is the most iconic version of the ""De Luxe"" model.";1-10-8;Unknown;Picture;Goed;;;
DDP-0136;Various vacuum cleaner nozzles;1;10;8;Verscheidende stofzuigermonden;Unknown;Various;Multi;;Unknown;;;;"These objects can serve as excellent subjects for practicing several foundational drawing skills, including: geometric shape analysis; perspective and ellipses;
material and texture rendering.";1-10-8;Unknown;Picture;Goed;;;
DDP-0137;Sled vacuum cleaner;1;11;1;Sledestofzuiger;F.A.M. Skyline;AS5;Green;Crème;Unknown;1962;Mid-Century Modern;Netherlands;"This FAM canister vacuum cleaner is a rare and characteristic example of post-war European industrial design. The design is a direct result of ""Space Age"" influences, in which household appliances were designed to resemble products like rockets or jet engines.";1-11-1;Unknown;Picture;Redelijk;;;
DDP-0138;Sewer cleaning machine;1;11;2;Rioolreinigingsmachine;Ruton;RO 3603;Red;Crème;Unknown;1965;Mid-Century Modern;Netherlands;Ruton products from the 'RO' line are known for their distinctive red and white color scheme. In the 1960s and 70s, Ruton was a market leader in the Netherlands for appliances such as vacuum cleaners and specialized cleaning machines before the brand name was fully absorbed by Philips.;1-11-2;Unknown;Picture;Slecht;;;
DDP-0139;Canister vacuum cleaner with rod;1;11;3;Sledestofzuiger met stang;Holland Electro (HE);A4;Green;Turqoise;Raymond Loewy;1953;Mid-Century Modern;Netherlands;"This specific model is known as the Holland Electro ""Colibri"". The design was revolutionary because the vacuum cleaner could stand upright, which saved a great deal of storage space at the time in the typically small post-war Dutch homes. Due to its color (hammered green) and design, it is now a highly sought-after collector's item that is even included in museum collections.";1-11-3;Unknown;Picture;Redelijk;;;
DDP-0140;Steam iron;1;11;4;Stoomstrijkijzer;Tefal;Turbo Pro (serie 300);Green;White;Unknown;2004;Digital Era;France;The design of the Tefal Turbo Pro 300 is representative of the functional, ergonomic style of the French manufacturer from the early 2000s. It is a steam iron that was positioned at the time as a powerful and user-friendly model for domestic use.;1-11-4;Unknown;Picture;Goed;;;
DDP-0141;Iron;1;11;5;Strijkijzer;General Electric;Classic Serie H3F76F;Turqoise;Black;Unknown;1965;Mid-Century Modern;U.S.A.;This model is a milestone in American industrial design. The design is closely linked to the influence of the famous industrial designer Brooks Stevens. Stevens designed similar groundbreaking irons for GE and other brands in the 1940s (such as the 'Steam-O-Matic'), which laid the foundation for the 'Classic' aesthetic.;1-11-5;Unknown;Picture;Goed;;;
DDP-0142;Iron;1;11;5;Strijkijzer;General Electric;Perm Press H3F54F;Turqoise;Black;Unknown;1975;Late Modern;U.S.A.;"This model was designed as a ""Dry Iron,"" specifically optimized for Permanent Press fabrics that were new to the market at the time. The blue dial on the front has specific settings for synthetic fabrics such as acrylic and nylon. Characteristic is the braided fabric cord with the blue plug, which was typical of GE appliances from that period.";1-11-5;Unknown;Picture;Goed;;;
DDP-0143;Steam iron;1;11;6;Stoomstrijkijzer;Philips ;Azure 60;White;Turqoise;Stefano Marzano;1994;Postmodern;Netherlands;The Azur line was groundbreaking at the time due to the introduction of the 'Drip Stop' system and the ergonomic handle with the characteristic ridges for extra grip. The series won multiple design awards during the 1990s, including the prestigious iF Design Award, for the combination of functional ease of use and a streamlined appearance.;1-11-6;Unknown;Picture;Goed;;;
DDP-0144;Steam iron;1;11;6;Stoomstrijkijzer;Philips ;HD 1208;Brown;Crème;Unknown;1975;Late Modern;Netherlands;This model was one of the first steam irons to fully automate the process via the 'Steam Control System', reducing the need for manual adjustment by the user. It is now known as an icon of Dutch industrial heritage from that era.;1-11-6;Unknown;Picture;Redelijk;;;
DDP-0145;Vacuum cleaner;1;11;7;Stofzuiger;Excelsior;Mignon Type 600;Orange;Crème;Unknown;1965;Mid-Century Modern;Netherlands;The Type 600z was praised for its handy size and was often sold as the 'ideal helper' for stairs, cars, or small apartments. Today, it is a beloved collector's item for lovers of retro interiors.;1-11-7;Unknown;Picture;Redelijk;;;
DDP-0146;Vacuum cleaner;1;11;8;Stofzuiger;Electrolux;Model Z25;Red;Silver;Lurelle Guild;1937;Pre-1950;U.S.A.;"This was one of the first canister vacuum cleaners with the characteristic ""sled runners"" instead of wheels, allowing it to glide easily over carpets. The design is a prime example of the Streamline Moderne style (a later phase of Art Deco), characterized by aerodynamic forms that exuded speed and modernity.";1-11-8;Unknown;Picture;Redelijk;;;
DDP-0147;Steam iron;1;12;1;Stoomstrijkijzer;Moulinex;Chrono JET;Blue;White;Unknown;1995;Postmodern;France;"A typical ""aerodynamic"" 90s design with flowing, organic lines that suggest speed and efficiency. The semi-open handle creates a visual lightness and provides space for thumb operation of the steam buttons. The back is designed to be wide and flat for a stable vertical resting position (heel rest).";1-12-1;Unknown;Picture;Goed;;;
DDP-0148;Iron;1;12;1;Strijkijzer;Jura;JN1 (Type 340);Black;Silver;Unknown;1955;Mid-Century Modern;Switserland;The JN1 model was a luxury item at the time, partly due to the precise temperature control required for the then-new synthetic fabrics such as Perlon.;1-12-1;Unknown;Picture;Goed;;;
DDP-0149;Steam iron with box;1;12;1;Stoomstrijkijzer met doos;Philips ;Comfort 200;White;Grey;Unknown;1994;Postmodern;Netherlands;This appliance is a Philips Comfort 200 (model HD 1492), a classic dry iron with a spray function. The  series, including the 200, 300, and 400 models, was primarily on the market in the 1990s (circa 1992–1998).;1-12-1;Unknown;Picture;Slecht;;;
DDP-0150;Vacuum cleaner;1;12;2;Stofzuiger;Siemens-Schuckert;Rapid VSt 93;Red;Silver;Unknown;1950;Mid-Century Modern;Germany;"This is an 'all-purpose' handheld vacuum cleaner. The unique feature of this model was its versatility; by connecting the hose at the top instead of the side, the device transformed from a vacuum into a powerful blower.";1-12-2;Unknown;Picture;Redelijk;;;
DDP-0151;Iron;1;12;3;Strijkijzer;Calor;No. 15-03;Orange;Black;Unknown;1970;Late Modern;France;This iron was intended as a functional and affordable 'dry' iron (without steam) for domestic use. Today, it is considered a design classic and is popular in the vintage community, not only as decoration but also for specific uses such as waxing skis due to its constant temperature.;1-12-3;Unknown;Picture;Redelijk;;;
DDP-0152;Iron;1;12;3;Strijkijzer;Philips ;HD 1146;Brown;Crème;Unknown;1975;Late Modern;Netherlands;The HD 1146 was one of the first models to focus on an ultra-light weight, which was a major selling point for ease of ironing at the time. The housing is made of heat-resistant plastic (often Bakelite or early thermoplastics) with a polished metal soleplate. The design falls under the Modernism of the 1970s, in which functionality and a sleek, geometric design were central.;1-12-3;Unknown;Picture;Goed;;;
DDP-0153;Steam iron;1;12;3;Stoomstrijkijzer;Tefal;Pressing Plus 1;Orange;Crème;Unknown;1975;Late Modern;France;The Pressing Plus 1 model was sometimes also sold under the brand name Calor. It features a distinctive retro design with a bright orange casing and a chrome soleplate.;1-12-3;Unknown;Picture;Goed;;;
DDP-0154;Steam iron;1;12;4;Stoomstrijkijzer;Philips ;GC 1705;Black;White;Unknown;2000;Digital Era;Netherlands;Under the leadership of then-chief designer Stefano Marzano, the focus during this period shifted towards 'High Design', where appliances not only had to be technically sound but also comfortable to hold and visually fit into a modern household. The GC1705 was the answer to the demand for a compact, lightweight, and affordable iron that was still powerful enough for daily use.;1-12-4;Unknown;Picture;Redelijk;;;
DDP-0155;Steam iron;1;12;5;Stoomstrijkijzer;Tefal;Super Gliss 30S (Longlife Compact);White;Yellow;Unknown;1984;Late Modern;France;The design reflects the transition from the angular 70s to the more rounded, ergonomic shapes of the 80s. The iron is equipped with an early version of the Supergliss sole, which was revolutionary at the time due to its smooth gliding ability on various fabrics. It was designed for easy storage, with a notch at the back to neatly wrap the cord around.;1-12-5;Unknown;Picture;Goed;;;
DDP-0156;Steam iron;1;12;6;Stoomstrijkijzer;Braun;PV-4;White;Crème;Peter Schneider;1988;Late Modern;Germany;This model was introduced in the late 80s when the Braun design team was led by the legendary Dieter Rams. The direct design of the irons is often attributed to his successor Peter Schneider and his team. It follows the philosophy of 'less, but better'. The appliance is a prime example of modernism. Characteristic features include the ergonomic handle, the subdued color scheme (off-white with subtle color accents for the knobs), and the iconic black and white checkered textile cord.;1-12-6;Unknown;Picture;Redelijk;;;
DDP-0157;Steam iron;1;12;6;Stoomstrijkijzer;Rowenta;DA-49 Steam Spray Dry;Crème;Black;Hans-Erich Slany;1983;Late Modern;West Germany;"The iron in the image is a vintage steam iron from the brand Rowenta, specifically the model DA49. This specific model was produced in West Germany. It is known as a ""steam spray dry"" electric iron, which means that it can be used both with and without steam and has a spray function.";1-12-6;Unknown;Picture;Redelijk;;;
DDP-0158;Steam iron;1;12;6;Stoomstrijkijzer;Rowenta;DA-23;White;Black;Unknown;1988;Late Modern;West Germany;This vintage steam iron is suitable for both dry ironing and steam ironing and features an adjustable thermostat and a spray function. It is recognizable by the white housing with a transparent grey/black water reservoir and the distinctive red indicator light on the side.;1-12-6;Unknown;Picture;Goed;;;
DDP-0159;Iron;1;12;6;Strijkijzer;Black & Decker;F365S Light 'n Easy;Grey;Crème;Unknown;1984;Late Modern;U.S.A.;The design reflects the functional, angular aesthetic of the 1980s with a focus on lightweight use ('Light 'n Easy'). For its time, the SilverStone coating was innovative as an early form of non-stick coating that made ironing synthetic fabrics easier.;1-12-6;Unknown;Picture;Goed;;;
DDP-0160;Vacuum cleaner;1;12;7;Stofzuiger;Volta;U203;Orange;Brown;Unknown;1974;Late Modern;Sweden;The Volta U203 (also sold under brand names such as Electrolux and Elektro Helios) was revolutionary because it was one of the first vacuum cleaners with a fully injection-molded plastic housing. The bright orange housing replaced traditional metal constructions, making the machine lighter and cheaper to produce. Despite its compact size, the unit features an internal cable reel and a mechanical dust indicator. Due to its bold use of color and sleek design, this model is now included in the collections of various design museums, including the Swedish Tekniska Museet.;1-12-7;Unknown;Picture;Redelijk;;;
DDP-0161;Vacuum cleaner;1;12;8;Stofzuiger;Holland Electro (HE);4400;Grey;Crème;Unknown;1980;Late Modern;Netherlands;The 4400 distinguished itself by its vertical 'sleete' design with the characteristic perforated round holes in the housing for the air outlet. It was a powerful model for its time, often equipped with electronic suction power control and indicator lights for the dust bag and filters.;1-12-8;Unknown;Picture;Redelijk;;;
DDP-0162;Sled vacuum cleaner;1;13;2;Sledestofzuiger;Ruton;R6;Blue;Silver;Unknown;1950;Mid-Century Modern;Netherlands;"This vacuum could both vacuum and blow, which was an advanced feature at the time for cleaning radiators, for example. The R6 is a classic example of a 'torpedo-model' canister vacuum cleaner, two metal 'sleds' (skis) to glide easily over the carpet. This type of design was very popular in the 1950s due to its futuristic, streamlined appearance.
";1-13-2;Unknown;Picture;Redelijk;;;
DDP-0163;Iron packaging;1;13;1;Strijkijzer verpakking;Philips ;Azur Excel Plus;White;Blue;Unknown;2002;Digital Era;Netherlands;The packaging in the photo is a classic example of industrial graphic design from this period: The box employs a strict grid, with a mix of horizontal and vertical text placement, giving the packaging a dynamic appearance. Ample white space is combined with the accent color blue (matching the product) and a gold accent for the 'premium' features. The product is depicted in a three-quarter perspective with slight motion blur in the background to suggest action.;1-13-1;Unknown;Picture;Redelijk;;;
DDP-0164;Dry iron;1;13;3;Droogstrijkijzer;Moulinex;BX1;White;Silver;Unknown;1995;Postmodern;France;This specific model dates back to the 1990s (circa 1992-1998). It was the successor to the more angular models from the 1970s and 1980s.In the world of small household appliances, successful designs were often produced under license or purchased from the same manufacturer by various brands. That is why you still see the exact same design today from brands like Severin.;1-13-3;Unknown;Picture;Redelijk;;;
DDP-0165;Sled vacuum cleaner;1;13;4;Sledestofzuiger;Erres;ZSZ 175;Blue;Black;Otto van Tussenbroek;1951;Mid-Century Modern;Netherlands;This model is known for its 'torpedo' design, which is characteristic of the optimism about progress of that era. It is a typical example of streamline design, a style that began in the 1930s and remained popular for household appliances after the war. Due to its unique design, this model is a beloved collector's item and has even been exhibited in museums such as the Kunsthal Rotterdam.;1-13-4;Unknown;Picture;Slecht;;;
DDP-0166;Iron packaging;1;13;5;Strijkijzer verpakking;Moulinex;Chrono JET;White;Red;Unknown;1990;Postmodern;France;"The packaging features the brand name in both the Latin alphabet and Arabic script (""مولينكس""). The design with the pink/red color blocks and the prominent product photo is typical of Moulinex's retail style from that era, focused on ease of use and efficiency.";1-13-5;Unknown;Picture;Redelijk;;;
DDP-0167;Steam iron;1;13;5;Stoomstrijkijzer;Rowenta;Vapopress DA-12;White;Black;Unknown;1976;Late Modern;West Germany;The appliance offers options for both dry ironing and steam ironing, including a spray function and a second steam program. It features a prominent rotary knob for the thermostat and a visible water reservoir. The colored buttons on the front are for the steam and spray functions.;1-13-5;Unknown;Picture;Goed;;;
DDP-0168;Steam iron;1;13;5;Stoomstrijkijzer;Tefal;Ultragliss Profil 80 Automatic;White;Blue;Unknown;1998;Postmodern;France;The Tefal Ultragliss Profil 80 Automatic is a classic steam iron known for its smooth glide and convenient vertical steam function. This function allows you to remove wrinkles fro hanging clothes or curtains by holding the iron vertically and pressing the steam button at intervals.;1-13-5;Unknown;Picture;Goed;;;
DDP-0169;XPS Foam Shape Study;1;13;6;XPS Foam Vormstudie;Unknown;Strijkijzer;Crème;Blue;Unknown;;;Netherlands;Tangible model of an iron, for testing the ergonomics (grip) and the visual balance of the housing.;1-13-6;Unknown;Picture;Goed;;;
DDP-0170;Vacuum cleaner;1;13;7;Stofzuiger;Miele;Electronic S224;Orange;Black;Unknown;1980;Late Modern;West Germany;The Miele Electronic S224 features electronic suction power control, a foot pedal for automatic cord rewind, and an indicator that shows when the dust bag is full. This model is beloved by collectors for its distinctive retro orange color and the motor that was very powerful for its time. It was the successor to the S 204 and marked a transition to a more compact and colorful design, with the orange color being typical of the design trends of the late 1970s and early 1980s.;1-13-7;Unknown;Picture;Goed;;;
DDP-0171;Handheld vacuum cleaner with holder;1;13;8;Handstofzuiger met houder;AEG;Rapido AG5106S;Crème;Orange;Unknown;2014;Digital Era;Germany;The AEG Rapido AG5106S is a cordless handheld vacuum from the Rapido series, known for its cyclonic airflow and distinctive wheels. This model features the Easy Reach™ nozzle: an integrated, extendable crevice tool so you can easily reach tricky corners without separate attachments.;1-13-8;Unknown;Picture;Goed;;;
DDP-0172;Floor polisher;1;;;Boenmachine;Fakir;Type 2;Turqoise;Blue;Wilhelm Kicherer;1956;Mid-Century Modern;Germany;The Fakir Type 2 was praised for its robustness. At the time, these machines were built to last a lifetime, which explains why many of these examples can still be found in working condition at vintage markets today. The device was part of a broader line of floor maintenance machines that made Fakir (later Nilco) a market leader in Europe.;1--;Unknown;Picture;Redelijk;;;
DDP-0173;Floor polisher;1;;;Vloerpolijstmachine;Visnovalux;De Luxe;Silver;Grey;Unknown;1955;Mid-Century Modern;Belgium;This specific model, with its cast-aluminum 'shark-nose' triangular base and the illuminated translucent nameplate, was the flagship model of the mid-to-late 1950s. The goal was functional elegance: the heavy aluminum provided the weight needed for polishing, while the triangular shape allowed it to reach into the 90° corners. The translucent blue/purple plate on the front isn't just for branding. In many of these units, there is a small bulb behind it. This was marketed as a luxury feature to help users spot dust and uneven wax patches in dimly lit corners or under furniture.;1--;Unknown;Picture;Redelijk;;;
DDP-0174;Upright vacuum cleaner;1;;;Rechtopstaande stofzuiger;Hoover;Model 700;Black;Silver;Unknown;1926;Pre-1950;U.S.A.;The Model 700 was a technological milestone and is known for its Art Deco-style industrial aesthetic, featuring a polished aluminum base station, a wooden or steel handle, a woven fabric dust bag and the distinctive triangular logo on the front. This was the first model to utilize the patented 'Positive Agitation' technology, which helped Hoover become the market leader.;1--;Unknown;Picture;Redelijk;;;
DDP-0175;Floor polisher;1;;;Boenmachine;Hoover;Model 0212;Red;Crème;Henry Dreyfuss;1951;Mid-Century Modern;England;"This Hoover electric floor polisher is designed for polishing and scrubbing hard floors. The device features a distinctive deep red (crimson) housing made of Bakelite or metal, with two rotating brushes on the underside. This model was very popular in the 1950s and was advertised worldwide. It bears a royal seal (""By appointment to H.M. King George VI""), confirming its British origin and the time period (before 1952). Today, these machines are often considered collector's items or museum pieces due to their mid-century modern aesthetic. ";1--;Unknown;Picture;Redelijk;;;
DDP-0176;Upright vacuum cleaner;1;;;Rechtopstaande stofzuiger;Miele;De Luxe S125;Crème;Black;Unknown;1980;Late Modern;Germany;"This vacuum has a typical 1980s look with the characteristic beige/off-white color and a focus on ergonomics due to the placement of the controls directly on the housing. The design is modular, making parts such as the cord reel and the motor relatively easy to repair. For its time, the S 125 was innovative because of the steplessly adjustable suction power via the central rotary knob and the ability to use the device as both an upright vacuum and a handheld vacuum (without a stick).

";1--;Unknown;Picture;Slecht;;;
DDP-0177;Upright vacuum cleaner;1;;;Rechtopstaande stofzuiger;Holland Electro (HE);Sniffy;Green;Grey;Unknown;1955;Mid-Century Modern;Netherlands;The Sniffy vacuum was revolutionary at the time because it was much lighter and more manageable than the heavy canister vacuums people were accustomed to until then. It was produced at the Holland Electro factory in Rotterdam and came onto the market in the 1950s (approx. 1955), remaining a popular model into the 1960s. ;1--;Unknown;Picture;Slecht;;;
DDP-0178;Upright vacuum cleaner;1;;;Rechtopstaande stofzuiger;Hoover;Model 262 ;Brown;Crème;Unknown;!939;Digital Era;England;"This Hoover Model 262 (also known as the ""Hoover Junior"" in certain regions) is made of Bakelite and aluminum, which was typical for that time. It features the famous 'Hoover agitator (a beating brush) to vibrate dust out of carpets.";1--;Unknown;Picture;Redelijk;;;
DDP-0179;Upright vacuum cleaner;1;;;Rechtopstaande stofzuiger;Hoover;Model 105;Brown;Wood;James Murray Spangler;1920;Pre-1950;U.S.A.;"This early Hoover Electric Suction Sweeper is an icon of household history, with a housing made of cast aluminum, which was a modern and luxurious material at the time. The base was designed by James Murray Spangler, a janitor who suffered from asthma and therefore invented an 'electric broom. This model was famous for the slogan ""It Beats – as it Sweeps – as it Cleans,"" thanks to the rotating brush roller that beat the dirt out of the carpet.";1--;Unknown;Picture;Redelijk;;;
DDP-0180;Upright vacuum cleaner;1;;;Rechtopstaande stofzuiger;Kirby;Legend II;Red;Silver;James Blaine Kirby;1989;Late Modern;U.S.A.;"The Legend II introduced a new burgundy color scheme and a redesigned 'Mini Emtor' (the plastic part to which the bag is attached) made of durable polycarbonate. The body is largely made of cast aluminum (duraluminium), which contributes to the reputation that these devices last a lifetime. The design focuses on powerful airflow and versatility; the unit can be converted from an upright vacuum to a portable model or even a carpet cleaner.";1--;Unknown;Picture;Goed;;;
DDP-0181;Screw cup 2x;2;1;1;Schroefbeker 2x;Mepal;7305;Green;Yellow;Erik Lehman;1975;Late Modern;Netherlands;This is a medium-sized screw-top cup that was originally sold as part of camping or picnic sets, but was also popular as a kitchen storage container. These cups are made of polypropylene, an unbreakable and, at the time, revolutionary type of plastic that was ideal for outdoor use. This type of cup is still a beloved collector's item for lovers of vintage Dutch Design due to its indestructibility and timeless, practical shape.;2-1-1;Unknown;Picture;Goed;;;
DDP-0182;Dishwasher detergent bottle;2;1;2;Vaatwasmiddel fles;Sun;Machine Afwas Poeder;Blue;White;Unknown;2006;Digital Era;France;The bottle is an excellent object for drawing lessons due to its specific geometric and visual properties: it's constructed from a combination of a cube (the bottom part) and a cylinder (the neck/cap), showing how complex objects can be reduced to simple geometric shapes. The handle on the right creates a distinct 'hole' in the shape. In art education, this is a classic exercise to look at the negative space (the shape of the void) rather than the object itself.;2-1-2;Unknown;Picture;Goed;;;
DDP-0183;Engine oil bottle;2;1;2;Motorolie fles;Shell;Helix Plus SAE 10W-40;Turqoise;White;Unknown;2008;Digital Era;Netherlands;"The bottle is a classic example of industrial design where form follows function. It's an interesting study object due to the ergonomics (recess functions as an integrated handle);  assymmetrical composition (slanted top helps guide the liquid to the spout); texture and surface (diagonal ridges to increase rigidity to the plastic wall and improve grip); and material description (HDPE with a specific metallic blue sheen). ";2-1-2;Unknown;Picture;Goed;;;
DDP-0184;Hot water bottle;2;1;3;Warmwaterkruik;Unknown;Unknown;Red;White;Unknown;1930;Pre-1950;Netherlands;This is an enameled metal hot water bottle. The rust-brown color with white speckles is also known as 'graniteware' or 'speckled enamel'. This type of finish was popular because it looked less fragile than solid colors and fit well in the kitchens and bedrooms of the time.;2-1-3;Unknown;Picture;Redelijk;;;
DDP-0185;Drinking bottle;2;1;3;Drinkfles;Royal VKB;RVS Drinkfles 500 ML ;Silver;Blue;Unknown;2018;Digital Era;Netherlands;"The design focuses on sustainability and ease of use. The bottle features a double cap; the small top cap is for drinking, while the larger opening underneath is intended for easy filling and cleaning. The striking silicone band serves as a carrying loop and holds the cap in place so you don't lose it.";2-1-3;Unknown;Picture;Goed;;;
DDP-0186;Pump bottle;2;1;4;Pompfles;Garnier;Fructis Force Anti-Dry;Green;White;Unknown;2007;Digital Era;France;Leave-in nourishing hair milk, designed to intensively nourish and repair very dry hair without rinsing. The ball-shaped bottles are part of the repositioning of Fructis in the 2000s. This specific packaging and product line was prominent around 2004-2009. ;2-1-4;Unknown;Picture;Goed;;;"Cylindrical Shapes; Glossy Surfaces"
DDP-0187;Squeeze bottle;2;1;4;Knijpfles;Unknown;LDPE 'gooseneck';Green;Yellow;Unknown;1955;Mid-Century Modern;U.S.A.;The major breakthrough for polyethylene bottles was around 1941–1946, when pioneers such as James Wright and Earl Tupper popularized plastic alternatives to glass. It consists of a flexible, semi-transparent reservoir with vertical grooves for extra grip and structural integrity during squeezing.The curved, stainless steel or aluminum tube allows the user to direct a targeted stream without having to tilt the bottle completely.;2-1-4;Unknown;Picture;Redelijk;;;"Cylindrical Shapes; Multiple Rounding; Matte Surfaces"
DDP-0188;Spray bottle;2;1;4;Spuitfles;Jif;Multi-Uso ;Blue;White;Unknown;2006;Digital Era;France;Cif/Jif bottles underwent a significant redesign in 1990, introducing a slimline bottle with a raised spout to allow for easier liquid direction. The blue translucent bottle typically signifies 'freshness' and is often associated with glass or multi-surface variants in the cleaning industry to distinguish them from the heavy-duty 'cream' (yellow/white) or bathroom-specific (green) versions.;2-1-4;Unknown;Picture;Slecht;;;"Cylindrical Shapes; Multiple Rounding; Transparent Materials"
DDP-0189;Spray bottle refill;2;1;4;Spuitfles navulling;Plus;Keuken Reiniger;White;Red;Unknown;2004;Digital Era;Netherlands;This bottle with a refill/storage cap is used for transport or before the spray nozzle is attached. It has an asymmetrical design with integrated finger-grip indentations on the neck for ergonomic handling during spraying.;2-1-4;Unknown;Picture;Goed;;;"Cylindrical Shapes; Multiple Rounding; Glossy Surfaces"
DDP-0190;Spray bottle;2;1;4;Spuitfles;Glassex;Anti-Vet;Red;Yellow;Unknown;2007;Digital Era;Netherlands;This is an ergonomic red plastic spray bottle with molded finger grips for improved handling. It has a dual-tone trigger spray head designed for high-volume dispensing. It is made to contain degreaser/Multi-surface cleaner by Glassex - a prominent brand in the Dutch and European cleaning markets. ;2-1-4;Unknown;Picture;Goed;;;"Cylindrical Shapes; Multiple Rounding; Glossy Surfaces"
DDP-0191;Cosmetic jars;2;1;5;Cosmetica potjes;Clinique;Moisture Surge;Multi;Silver;Unknown;2010;Digital Era;U.S.A.;Low-profile, wide-mouth cylindrical jars, in glossy, transparent and matte finished (left to right) with a chrome finish screw-on lid. They contained various moisturising cremes to be used on the face. The Celadon Green is the brand’s signature colour.;2-1-5;Unknown;Picture;Goed;;;"Cylindrical Shapes; Matte Surfaces; Glossy Surfaces; Chrome; Transparent Materials"
DDP-0192;Perfume bottle;2;1;5;Parfumflesje;Estee Lauder;Pleasures (EdP);Silver;;Unknown;1995;Postmodern;U.S.A.;"The bottle design is a classic ""flacon"" style, known for its soft, organic curves and weighted glass base, meant to evoke the feel of a smooth river stone. It features a signature silver-tone pebble-shaped cap.";2-1-5;Unknown;Picture;Goed;;;"Cylindrical Shapes; Multiple Rounding; Matte Surfaces; Transparent Materials"
DDP-0193;Perfume bottle;2;1;5;Parfumflesje;Christian Dior;Diorissimo (EdT);White;Gold;Unknown;1990;Postmodern;France;The bottle is known for its vertical ridged (fluted) glass texture and a white plastic lid with the 'CD' monogram.;2-1-5;Unknown;Picture;Goed;;;"Multiple Roundings; Glossy Surfaces; Transparent Materials"
DDP-0194;Perfume bottle;2;1;5;Parfumflesje;Issey Miyake;L'Eau d'Issey (EdT);Silver;White;Issey Miyake;1992;Postmodern;Japan;The bottle's slender, conical shape was inspired by the sight of the full moon shimmering above the Eiffel Tower in Paris. It features a frosted 'givré' glass body and a brushed metal cap topped with a clear glass sphere meant to resemble a drop of water.;2-1-5;Unknown;Picture;Goed;;;"Cylindrical Shapes; Matte Surfaces; Chrome; Transparent Materials"
DDP-0195;Perfume bottle;2;1;5;Parfumflesje;Estee Lauder;White Linen (EdP);Gold;;Unknown;1978;Late Modern;U.S.A.;This classic bottle features a transparent glass base and a striated (ribbed) gold-tone cap. It is a floral-aldehydic scent intended to evoke the crispness of clean linen and fresh spring air.;2-1-5;Unknown;Picture;Goed;;;"Cylindrical Shapes; Multiple Rounding; Transparent Materials"
DDP-0196;Perfume bottle;2;1;6;Parfumflesje;Van Gils;Strictly for Men;Black;Gold;Unknown;2012;Digital Era;Netherlands;The original scent was first launched in the 1980s, created by perfumer Pierre Wargnye. The bottle is an elegant flacon designed to represent the charismatic and masculine nature of the scent. The modern version shown in the image features a dark, ridged cylindrical body with a matte finish and a central metallic band.;2-1-6;Unknown;Picture;Goed;;;"Cylindrical Shapes; Matte Surfaces; Glossy Surfaces; Chrome"
DDP-0197;Aftershave bottle;2;1;6;Aftershave flesje;Guy Laroche;Fidji Pour Homme;Black;Grey;Unknown;2003;Digital Era;France;"The fragrance was created by perfumer Josephine Catapano. The bottle design is notable for its architectural, minimalist aesthetic, featuring a rectangular clear glass body with a prominent, oversized black block cap. The label uses a distinct grid pattern with ""Guy"" in a red script";2-1-6;Unknown;Picture;Goed;;;"Block Shapes; Singular Rounding; Transparent Materials; Glossy Surfaces"
DDP-0198;Shower gel bottle;2;1;6;Douchegel fles;Jil Sander;Feeling Man;Red;Black;Unknown;1989;Late Modern;Germany;The fragrance was composed by perfumer Alain Astori and the minimalist packaging design is consistent with the brand's creative direction under Jil Sander herself. This specific red bottle design was used for ancillary products (shower gel, lotion) to differentiate them from the translucent glass bottle used for the Eau de Toilette. It follows the brand's 'pure' design philosophy, focusing on bold colours and geometric forms.;2-1-6;Unknown;Picture;Goed;;;"Block Shapes; Cylindrical Shapes; Matte Surfaces; Glossy Surfaces"
DDP-0199;Ink bottle;2;1;6;Inkt flesje;Edding;T25 30ml Refill Ink;Red;Blue;Unknown;2007;Digital Era;Germany;The bottle features a patented drop dispensing system for mess-free refilling and is made from high-quality plastic with a lightfast and waterproof ink formulation.;2-1-6;Unknown;Picture;Redelijk;;;"Cylindrical Shapes; Glossy Surfaces; Transparent Materials"
DDP-0200;Tea tin;2;1;6;Thee blik;Whittard of Chelsea;Mango Indica 125g;Black;Gold;Unknown;1990;Postmodern;England;Square-sided tea caddy with a round, friction-fit gold lid. The tin is made of printed metal (tinplate) and features a minimalist black-and-gold aesthetic. The 'W' logo and serif typeface are central to the brand's heritage identity.;2-1-6;Unknown;Picture;Goed;;;"Block Shapes; Cylindrical Shapes; Singular Rounding; Glossy Surfaces"
DDP-0201;Square storage jar;2;1;6;Vierkante voorraadpot;Unknown;Apothecary Bud Vase;Green;;Unknown;1970;Late Modern;Unknown;These jars are characteristically made from 100% recycled glass, resulting in a distinctive pale green or aqua tint and internal 'seed bubbles'. They often originally featured a large cork stopper or a wire-bale closure.;2-1-6;Unknown;Picture;Goed;;;"Block Shapes; Multiple Rounding; Transparent Materials; Glossy Surfaces"
DDP-0202;Toy tricycle;2;1;7;Speelgoed driewieler;Rolly Toys;Ride-On Tractor;Blue;Orange;Unknown;1970;Late Modern;Germany;This toy features a robust, hollow blow-moulded plastic body built directly over solid metal drive axles. It utilizes a three-wheel tricycle footprint rather than a standard four-wheel tractor layout, combining direct front-wheel pedal propulsion with an integrated faux engine block assembly molded directly into the front frame.;2-1-7;Unknown;Picture;Redelijk;;;"Cylindrical Shapes; Multiple Roundings; Matt Surfaces"
DDP-0203;Water gun with extra tanks;2;1;8;Waterpistool met extra tanks;Larami;Super Soaker 50;Green;Yellow;Lonnie Johnson;1991;Postmodern;U.S.A.;This  design was revolutionary for its utilisation of a manually operated slide pump to compress air into the green plastic water reservoir tank. When the trigger is pulled, the pressurized air forces a continuous, high-velocity stream of water through the nozzle, performing significantly better than traditional, trigger-pumped squirt guns.;2-1-8;Unknown;Picture;Redelijk;;;"Cylindrical Shapes; Glossy Surfaces"
DDP-0204;Storage jar;2;2;2;Voorraadpot;Rosti Mepal;Modul 150ml;Brown;White;Carl Sundberg;1967;Mid-Century Modern;Netherlands;The Modul collection revolutionized mid-century European kitchens by utilizing a system where height variations stacked uniformly. The specific base profile was dimensioned specifically to maximize standard cupboard shelving efficiency.;2-2-2;Unknown;Picture;Redelijk;;;"Block Shapes; Multiple Rounding; Transparent Materials; Glossy Surfaces"
DDP-0205;Toilet cleaner bottle;2;2;1;WC reiniger fles;Glorix;WC-Fris Citroen;Green;Yellow;Unknown;1989;Late Modern;Netherlands;"This historical pack features an iconic ergonomically bent neck (""schuinspuitende flessen"") engineered specifically to dispense formula effortlessly underneath the hidden rim of toilet bowls. [1, 2, 3, 4]";2-2-1;Unknown;Picture;Slecht;;;"Cylindrical Shapes; Multiple Rounding"
DDP-0206;Frying fat bottle;2;2;1;Frituurvet fles;Diamant;Vloeibaar Frituurvet Plantaardig;Yellow;Blue;Unknown;1994;Postmodern;Netherlands;Engineered with an ergonomic off-centre handle for balanced pouring. Features an integrated anti-glug neck profile and a wide base stability ring to minimize kitchen spills.;2-2-1;Unknown;Picture;Redelijk;;;"Cylindrical Shapes; Multiple Rounding"
DDP-0207;Dishwasher detergent bottle;2;2;1;Vaatwasmiddel fles;Calgonil;Ultra ;Yellow;Green;Unknown;1990;Postmodern;Netherlands;A blow-moulded High-Density Polyethylene (HDPE) utility bottle. It features an integrated hollow handle to facilitate a balanced, controlled pour of heavy liquid, alongside a dual-purpose threaded green plastic cap that doubles as a volumetric dosing cup.;2-2-1;Unknown;Picture;Goed;;;"Cylindrical Shapes; Multiple Rounding"
DDP-0208;Engine oil bottle;2;2;1;Motorolie fles;Shell;Helix ;Yellow;;Unknown;1992;Postmodern;Netherlands;The structural design features a translucent vertical strip on the side to monitor the fluid level (0.5L and 1.0L indicators) alongside molded horizontal grip ridges on the side.;2-2-1;Unknown;Picture;Redelijk;;;"Cylindrical Shapes; Multiple Rounding; Matte Surfaces"
DDP-0209;Peppermint boxes;2;2;3;Pepermunt doosjes;Smint;Sugargfree;Blue;White;Unknown;2021;Digital Era;Spain;The packaging consists of a compact, pocket-sized metal tin featuring an integrated click-to-open, flip-top lid system. The graphic artwork uses high-contrast blue, silver, and red colour gradients with crisp, bold branding to communicate instant functional freshness.;2-2-3;Unknown;Picture;Goed;;;"Block Shapes; Singular Rounding; Glossy Surfaces"
DDP-0210;Coffee storage jar;2;2;3;Koffie voorraadpot;Illy;Espresso Café Macinato 250g;Silver;Red;Unknown;2013;Digital Era;Italy;The industrial design focuses on premium preservation. It uses a 100% recyclable aluminum structure that withstands high internal pressure. It uses nitrogen injection to push out oxygen, keeping the coffee fresh for up to two years.;2-2-3;Unknown;Picture;Goed;;;"Cylindrical Shapes; Chrome"
DDP-0211;Canned peeled tomatoes;2;2;3;Blik gepelde tomaten;Mutti;Pomodori a Filetti 400g;Red;Yellow;Unknown;2021;Digital Era;Italy;The design features a premium vintage-inspired typographic layout topped by the signature twin golden lions heraldry. The lower body showcases a hyper-realistic illustration of two peeled tomato wedges resting in dynamic opposition.;2-2-3;Unknown;Picture;Redelijk;;;"Cylindrical Shapes; Chrome"
DDP-0212;Universal eyewear holder;2;2;5;Universele brillenhouder;Unknown;Unknown;Crème;Black;Unknown;2010;Digital Era;China;"This glasses container is meant to be mounted in the car using heavy-duty adhesive tape strips on its flat base. The design prioritises safe, one-handed operation while driving. The kidney-shaped front cutout allows the driver to instinctively grab the sunglasses by the bridge without looking. The black plastic components on the back house a mechanical spring-loaded hinge, enabling a quick tactile ""push-to-open"" mechanism.";2-2-5;Unknown;Picture;Goed;;;"Cylindrical Shapes; Glossy Surfaces; Matt Surfaces"
DDP-0213;Soft drink bottle;2;2;3;Frisdrank flesje;Hata Kosen;Peach 200ml;Pink;Blue;Unknown;2010;Digital Era;Japan;It features a traditional Codd-neck bottle architecture. The gas pressure from the carbonated beverage forces an internal glass marble against a rubber washer at the top to seal the drink. To open it, a plastic plunger pushes the marble down into a pinched neck chamber where it stays trapped without blocking the flow while drinking.;2-2-3;Unknown;Picture;Goed;;;"Cylindrical Shapes; Multiple Rounding; Transparent Materials"
DDP-0214;Cola bottle with packaging;2;2;4;Cola flesje met verpakking;Coca Cola;Straight Wall Bottle 1900;Blue;Red;Unknown;2011;Digital Era;Germany;"This product is a faithful replica of the early un-contoured glass vessels used before the iconic contour ""hobbleskirt"" bottle was patented in 1915. It features a simple vertical profile with a distinct amber-tinted or dark glass color and an authentic early-era diamond-shaped script label.";2-2-4;Unknown;Picture;Goed;;;"Block Shapes; Cylindrical Shapes; Matte Surfaces; Glossy Surfaces"
DDP-0215;Several cola bottles;2;2;4;Verscheidende cola flesjes;Coca Cola;Contour Bottle;Red;White;Alexander Samuelson;2012;Digital Era;U.S.A.;The design brief required a bottle recognizable by touch in the dark, or even when broken on the ground. The team used an image of a cocoa bean pod (with its distinct vertical grooves and bulging middle) as visual inspiration for the silhouette.;2-2-4;Unknown;Picture;Goed;;;"Cylindrical Shapes; Glossy Surfaces; Transparent Materials"
DDP-0216;Cola bottle;2;2;4;Cola flesje;Coca Cola;Karl lagerfeld Limited Edition 2/3;Pink;White;Karl Lagerfeld;2011;Digital Era;Netherlands;"This bottle represents the character ""Eleanor"" (one of three fashion heroines from the 2011 campaign). It features clean graphic lines, a swirling fuchsia pink and white contrast stripe pattern, a matching hot pink bottle cap, and Karl Lagerfeld's iconic pony-tailed silhouette logo.";2-2-4;Unknown;Picture;Goed;;;"Cylindrical Shapes; Glossy Surfaces"
DDP-0217;Cola bottle;2;2;4;Cola flesje;Coca Cola;London Olympic Games Limited Edition;Red;Multi;Turner Duckworth;2012;Digital Era;Netherlands;Features the iconic Coca-Cola contour shape reimagined in sleek, impact-extruded recyclable aluminium. The graphic wrapper blends the brand's classic identity with active, bold silhouettes representing different sport movements alongside official Olympic branding.;2-2-4;Unknown;Picture;Goed;;;"Cylindrical Shapes; Glossy Surfaces"
DDP-0218;Nail polish bottle;2;2;6;Nagellak flesje;Estee Lauder;Pure Colour - Frozen Plum;Gold;Purple;Tom Pecheux;2012;Digital Era;France;"This signature heavy glass bottle redesign was launched in 2012 under the creative direction of Tom Pecheux. It features a custom ""sphere within a cube"" concept, anchoring a rounded glass inner chamber inside a thick, heavy clear glass cube, topped with a metallic gold cylindrical cap.";2-2-6;Unknown;Picture;Goed;;;"Block Shapes; Cylindrical Shapes; Glossy Surfaces; Transarent Materials"
DDP-0219;Cream jar;2;2;6;Crème potje;Plante System;Urgence Crème Très Nourrissante;White;Purple;Unknown;2010;Digital Era;France;The container utilizes a distinct, architectural structural strategy featuring a wide-rimmed conical plastic outer pot base. This design flares outward to cradle a smaller, recessed inner cylindrical core and lid, minimizing material weight while giving the product a premium, floating vanity shelf presence.;2-2-6;Unknown;Picture;Goed;;;"Cylindrical Shapes; Multiple Rounding; Glossy Surfaces; Transparent Materials"
DDP-0220;Perfume bottle;2;2;6;Parfumflesje;Hugo Boss;Baldessarini EdC;Silver;;Werner Baldessarini;2002;Digital Era;Germany;A heavy, refillable geometric glass bottle with clean vertical lines and a metallic closure;2-2-6;Unknown;Picture;Goed;;;"Cylindrical Shapes; Transparent Materials; Chrome"
DDP-0221;Perfume bottle;2;2;6;Parfumflesje;Krizia;Teatro alla Scala;Brown;;Pierre Dinand;1985;Late Modern;Italy;The silhouette mirrors the layout of a grand theatre stage, featuring a deep tortoiseshell/amber base frame that cradles a semi-circular clear glass vessel. It is topped with a matching fan-shaped cap. Renowned bottle designer Pierre Dinand crafted the iconic shape based on the architecture of Milan's famous Teatro alla Scala opera house.;2-2-6;Unknown;Picture;Redelijk;;;"Block Shapes; Cylindrical Shapes; Glossy Surfaces; Transarent Materials"
DDP-0222;Perfume bottle;2;2;6;Parfumflesje;Kiton;Men EdT;Silver;Orange;Unknown;1996;Postmodern;Italy;An ergonomic, clear glass bottle featuring flat front and back faces, soft bowed vertical sides, a debossed oval central grip zone, and a polished metallic atomiser cap.;2-2-6;Unknown;Picture;Redelijk;;;"Cylindrical Shapes; Chrome; Transparent Materials"
DDP-0223;Perfume bottle;2;2;6;Parfumflesje;Chanel;Antaeus pour Homme EdT;Black;White;Unknown;1981;Late Modern;France;An opaque, black bottle. It features minimalist white typography in the classic Chanel brand style. The design conveys mythical strength and sophisticated luxury.;2-2-6;Unknown;Picture;Goed;;;"Block Shapes; Cylindrical Shapes; Glossy Surfaces"
DDP-0224;Perfume bottle;2;2;6;Parfumflesje;Mexx;Mexx Men ;Blue;Silver;Unknown;2000;Digital Era;Netherlands;"The structural design focuses on youth-focused metropolitan aesthetics. It features a frosted texture, debossed interlocking ""XX"" typography (the brand's signature ""kiss kiss"" logo abbreviation), a blue spray nozzle head, and an attached protective industrial metal locking clip.";2-2-6;Unknown;Picture;Goed;;;"Cylindrical Shapes; Matte Surfaces; Chrome; Transparent Materials"
DDP-0225;Aftershave bottle;2;2;6;Aftershave flesje;Nivea;Sensitive Aftershave Balm;White;Blue;Unknown;2010;Digital Era;Germany;Heavy white glass bottle, ergonomic grip, and a wide-mouthed screw cap.;2-2-6;Unknown;Picture;Goed;;;"Block Shapes; Cylindrical Shapes; Matte Surfaces; Glossy Surfaces"
DDP-0226;Jerry can;2;2;7;Jerrycan;Unknown;Standard UN Approved Stackable Jerrycan;Crème;Black;Unknown;1980;Late Modern;Belgium;This canister is a masterclass in form-follows-function industrial design, engineered entirely for volumetric efficiency and safety. Its boxy bounding frame maximizes pallet space, while the recessed top profile creates a lock-and-key nesting system for stable, vertical stacking. The off-centre spout creates an internal air pocket to prevent liquid glugging during pouring, and the smooth, compound corner radii distribute internal fluid pressure evenly to prevent the plastic from splitting under impact.;2-2-7;Unknown;Picture;Redelijk;;;"Block Shapes; Cylindrical Shapes; Multiple Rounding; Matt Surfaces"
DDP-0227;Watering Can;2;2;8;Gieter;Underwood;Traditional galvanized steel (zinc) Watering Can;Silver;Grey;Unknown;2000;Digital Era;Netherlands;Features a hot-dip galvanized coating over sheet metal for rust prevention. It utilizes a dual-handle configuration where the single large arched tubular overhead handle bridges down to the rear, allowing the user's hand to slide smoothly along the grip to shift the center of gravity while tilting and pouring.;2-2-8;Unknown;Picture;Goed;;;"Cylindrical Shapes; Matte Surfaces"
DDP-0228;Watering Can;2;2;6;Gieter;Curver;Cubic Measurement Watering Can;Green;;Unknown;1980;Late Modern;Netherlands;This classic utilitarian design breaks away from the traditionally rounded cylindrical body of standard watering cans. It introduces a block-like, space-saving format with molded measuring indicators built directly into the flat plastic face.;2-2-6;Unknown;Picture;Goed;;;"Cylindrical Shapes; Matte Surfaces"